STATE,ST_CASE,VE_TOTAL,VE_FORMS,PVH_INVL,PEDS,PERNOTMVIT,PERMVIT,PERSONS,COUNTY,CITY,DAY,MONTH,YEAR,DAY_WEEK,HOUR,MINUTE,NHS,RUR_URB,FUNC_SYS,RD_OWNER,ROUTE,TWAY_ID,TWAY_ID2,MILEPT,LATITUDE,LONGITUD,SP_JUR,HARM_EV,MAN_COLL,RELJCT1,RELJCT2,TYP_INT,WRK_ZONE,REL_ROAD,LGT_COND,WEATHER1,WEATHER2,WEATHER,SCH_BUS,RAIL,NOT_HOUR,NOT_MIN,ARR_HOUR,ARR_MIN,HOSP_HR,HOSP_MN,CF1,CF2,CF3,FATALS,DRUNK_DR
33,330001,1,1,0,0,0,3,3,19,173,2,1,2016,7,19,39,1,1,1,1,1,I-89,,0,43.52348333,-72.142402780000,0,1,0,0,1,1,0,3,2,10,0,10,0,0000000,19,40,19,52,20,14,0,0,0,1,0
33,330002,1,1,0,1,1,1,1,11,310,8,1,2016,6,20,46,0,2,7,4,6,AUBURN STREET,,0,42.98501667,-71.462813890000,0,8,0,0,1,1,0,1,3,1,0,1,0,0000000,20,46,20,55,21,19,0,0,0,1,0
33,330003,1,1,0,0,0,1,1,9,300,12,1,2016,3,7,23,1,2,1,1,1,I-93,,1280,44.33691111,-71.888080560000,0,42,0,0,1,1,0,3,1,10,0,10,0,0000000,7,34,7,37,88,88,0,0,0,1,0
33,330004,1,1,0,1,1,1,1,15,195,12,1,2016,3,20,4,0,2,4,1,6,STAGE ROAD,,0,42.86617778,-71.174163890000,0,8,0,0,1,1,0,1,2,4,0,4,0,0000000,20,12,20,29,88,88,23,0,0,1,0
33,330005,1,1,0,0,0,1,1,1,3,16,1,2016,7,17,33,0,1,4,1,3,SR-11,,0,43.53893889,-71.293502780000,0,42,0,0,1,1,0,4,2,10,0,10,0,0000000,17,33,17,49,18,26,0,0,0,1,1
33,330006,2,2,0,0,0,4,4,11,240,14,1,2016,5,13,34,1,2,3,1,3,SR-102,,0,42.79337778,-71.437522220000,0,12,6,0,1,1,0,1,1,1,0,1,0,0000000,13,34,13,45,14,8,0,0,0,1,0
33,330007,1,1,0,1,1,2,2,9,285,23,1,2016,7,17,45,0,1,5,1,3,SR-112,,0,44.04663889,-71.665713890000,0,8,0,0,1,1,0,2,2,1,0,1,0,0000000,17,46,17,56,18,21,0,0,0,1,1
33,330008,1,1,0,0,0,1,1,15,448,10,1,2016,1,20,19,1,2,1,1,1,I-93,,0,42.76049167,-71.232197220000,0,35,0,0,1,1,0,4,2,10,0,10,0,0000000,20,20,20,26,20,44,0,0,0,1,0
33,330009,1,1,0,0,0,1,1,5,485,23,1,2016,7,20,53,0,1,7,3,6,GOODELL AVE,,0,42.84153611,-72.271975000000,0,42,0,0,1,1,0,4,2,10,0,10,0,0000000,20,54,21,6,88,88,0,0,0,1,0
33,330010,2,2,0,0,0,3,3,11,334,13,1,2016,4,14,33,0,1,6,3,6,NATICOOK ROAD,PEASLEE ROAD,0,42.81972500,-71.536122220000,0,12,6,0,2,4,0,1,1,1,0,1,0,0000000,14,33,14,49,15,8,0,0,0,1,0
33,330011,1,1,0,1,1,2,2,5,141,22,1,2016,6,8,48,1,1,3,1,3,SR-12,,0,42.77890278,-72.136600000000,0,8,0,0,1,1,3,1,1,1,0,1,0,0000000,8,48,8,58,88,88,0,0,0,1,0
33,330012,1,1,0,1,1,1,1,13,70,28,1,2016,5,18,14,0,2,3,1,6,SOUTH COMMERCIAL STREET,,0,43.21509722,-71.538455560000,0,15,0,0,1,1,0,1,2,1,0,1,0,0000000,18,14,18,17,18,35,0,0,0,1,0
33,330013,1,1,0,0,0,3,3,15,252,29,2,2016,2,22,5,0,1,6,1,3,SR-108,,0,42.94623611,-70.970933330000,0,42,0,0,1,1,0,4,2,1,0,1,0,0000000,22,5,22,14,23,4,0,0,0,3,1
33,330014,1,1,0,0,0,1,1,9,120,1,3,2016,3,16,12,1,1,1,1,1,I-89,,588,43.59589167,-72.165947220000,0,24,0,0,1,1,0,3,1,10,0,10,0,0000000,16,12,16,20,88,88,0,0,0,1,1
33,330015,2,2,0,0,0,2,2,9,233,10,3,2016,5,12,49,1,1,3,1,2,US-3,,0,43.72509722,-71.563725000000,0,12,2,0,1,1,0,1,1,2,0,2,0,0000000,12,49,12,55,14,13,0,0,0,1,1
33,330016,1,1,0,0,0,2,2,7,125,17,3,2016,5,20,25,0,1,4,1,3,SR-16,,0,44.70455278,-71.171902780000,0,42,0,0,1,1,0,4,2,10,0,10,0,0000000,20,25,20,43,21,32,0,0,0,1,1
33,330017,1,1,0,0,0,1,1,9,10,23,3,2016,4,5,29,1,1,1,1,1,I-93,,700,43.73344444,-71.658619440000,0,24,0,0,1,1,0,4,4,1,0,1,0,0000000,5,29,5,52,6,19,0,0,0,1,0
33,330018,1,1,0,0,0,1,1,17,29,21,3,2016,2,11,42,0,1,3,1,3,SR-125,,0,43.18214444,-70.999558330000,0,42,0,0,1,1,0,4,1,1,0,1,0,0000000,11,42,11,59,12,11,0,0,0,1,0
33,330019,1,1,0,1,1,1,1,7,468,27,3,2016,1,14,35,0,1,7,4,6,NORTH ROAD,,0,44.39578056,-71.023483330000,0,8,0,0,8,1,0,1,1,1,0,1,0,0000000,14,38,14,51,15,8,0,0,0,1,0
33,330020,1,1,0,0,0,1,1,5,550,27,3,2016,1,20,53,0,1,7,3,6,PUDDING HILL ROAD,,0,42.75203056,-72.353308330000,0,35,0,0,1,1,0,4,2,1,0,1,0,0000000,20,53,21,13,88,88,0,0,0,1,1
33,330021,1,1,0,0,0,1,1,11,509,29,3,2016,3,14,51,0,1,5,1,3,SR-114,RESERVIOR ROAD,0,43.11097500,-71.752447220000,0,16,0,0,3,4,0,1,1,2,6,2,0,0000000,14,51,14,55,88,88,0,0,0,1,0
33,330022,1,1,0,0,0,1,1,15,32,3,4,2016,1,8,23,1,2,3,1,3,SR-101,,1062,43.03753611,-71.310069440000,0,35,0,0,1,1,0,4,1,4,0,4,0,0000000,8,23,8,30,88,88,0,0,0,1,0
33,330023,1,1,0,0,0,1,1,11,340,22,3,2016,3,19,22,0,1,7,3,6,SAVAGE ROAD,,0,42.82758611,-71.711491670000,0,35,0,0,1,1,0,4,2,10,0,10,0,0000000,19,22,19,40,20,18,0,0,0,1,0
33,330024,1,1,0,0,0,1,1,13,484,4,4,2016,2,15,40,1,1,1,1,1,I-89,,250,43.35558889,-71.923238890000,0,42,0,0,1,1,0,3,1,4,0,4,0,0000000,15,40,16,1,17,10,0,0,0,1,0
33,330025,1,1,0,0,0,1,1,13,49,6,3,2016,1,11,15,0,2,3,1,3,SR-9,,0,43.24218889,-71.455105560000,0,42,0,0,1,1,0,4,1,10,0,10,0,0000000,11,15,11,20,11,52,0,0,0,1,0
33,330026,2,2,0,0,0,2,2,15,32,8,4,2016,6,7,31,1,2,3,1,3,SR-101,,1088,43.03888611,-71.300777780000,0,12,7,0,1,1,0,1,1,1,0,1,0,0000000,7,31,7,45,8,18,0,0,0,1,0
33,330027,1,1,0,0,0,2,2,11,18,12,4,2016,3,16,46,0,1,3,1,8,RAYMOND WIECROREK DRIVE,,2,42.91866111,-71.467277780000,0,1,0,0,1,1,0,4,1,1,0,1,0,0000000,16,46,16,59,17,20,0,0,0,1,1
33,330028,1,1,0,0,0,1,1,15,448,14,4,2016,5,19,57,0,2,7,4,6,LAWRENCE ROAD,,0,42.77200556,-71.203200000000,0,39,0,0,1,1,0,4,3,1,0,1,0,0000000,19,57,21,13,21,49,0,0,0,1,1
33,330029,3,3,0,0,0,3,3,11,31,17,4,2016,1,15,38,0,1,6,4,3,SR-130,CROSS ROAD,0,42.72280278,-71.655711110000,0,12,6,0,2,4,0,1,1,1,0,1,0,0000000,15,38,15,50,88,88,0,0,0,1,1
33,330030,1,1,0,0,0,2,2,17,440,15,4,2016,6,20,36,1,2,3,1,3,SR-16,,0,43.32303333,-70.990941670000,0,24,0,0,1,1,0,3,2,1,0,1,0,0000000,20,36,20,51,21,22,0,0,0,1,1
33,330031,2,2,0,0,0,5,5,11,310,20,4,2016,4,19,32,0,2,7,4,6,BROWN AVE,RAYMOND STREET,0,42.94321944,-71.452536110000,0,12,1,0,2,3,0,1,1,1,0,1,0,0000000,19,32,19,38,88,88,0,0,0,1,0
33,330032,1,1,0,0,0,1,1,15,176,22,4,2016,6,23,47,0,2,7,1,6,OCEAN ROAD,,0,43.04335000,-70.817872220000,0,42,0,0,1,1,0,4,2,1,0,1,0,0000000,23,48,23,57,88,88,0,0,0,1,1
33,330033,2,2,0,0,0,5,5,19,50,23,4,2016,7,13,28,0,2,4,1,3,SR-103,,0,43.37573056,-72.334122220000,0,35,0,0,1,1,0,4,1,1,0,1,0,0000000,13,28,13,32,13,47,0,0,0,1,0
33,330034,1,1,0,0,0,2,2,5,245,16,4,2016,7,0,57,0,1,7,4,6,NUTTING ROAD,,0,42.82937778,-72.012905560000,0,42,0,0,1,1,0,4,2,1,0,1,0,0000000,0,57,1,10,1,36,0,0,0,1,1
33,330035,2,2,0,0,0,3,3,11,340,3,5,2016,3,10,38,1,2,3,1,3,SR-101,,0,42.82976667,-71.675597220000,0,12,2,0,1,1,0,1,1,10,0,10,0,0000000,10,38,10,44,11,15,0,0,0,1,0
33,330036,1,1,0,0,0,2,2,17,342,25,4,2016,2,11,30,0,2,4,1,3,SR-125,,0,43.46550833,-70.991363890000,0,42,0,0,1,1,0,4,1,1,0,1,0,0000000,11,22,11,26,12,13,0,0,0,1,0
33,330037,1,1,0,0,0,2,2,3,152,8,5,2016,1,6,57,0,1,7,3,6,OSSIPEE LAKE ROAD,,0,43.81985833,-71.159280560000,0,30,0,0,1,1,0,4,1,1,0,1,0,0000000,7,1,7,5,7,28,0,0,0,1,1
33,330038,1,1,0,0,0,3,3,15,551,8,5,2016,1,0,13,1,2,1,1,1,I-93,,0,42.80095000,-71.267697220000,0,24,0,0,1,1,0,4,2,1,0,1,0,0000000,0,13,0,24,0,47,0,0,0,1,1
33,330039,1,1,0,0,0,1,1,9,145,3,5,2016,3,15,26,0,1,7,4,6,MAIN STREET,,0,44.22678333,-71.746280560000,0,42,0,0,1,1,0,4,1,10,0,10,0,0000000,15,26,15,32,16,7,0,0,0,1,0
33,330040,1,1,0,1,1,1,1,1,3,13,5,2016,6,21,37,0,1,4,1,3,SR-28,,0,43.41808056,-71.203655560000,0,8,0,0,1,1,0,1,2,2,0,2,0,0000000,21,37,21,48,88,88,0,0,0,1,0
33,330041,1,1,0,0,0,2,2,17,90,10,5,2016,3,14,55,0,2,7,4,6,ADELLE DRIVE,,0,43.17029722,-70.887258330000,0,5,0,0,1,1,0,1,1,1,0,1,0,0000000,14,55,14,59,15,19,0,0,0,1,0
33,330042,2,2,0,0,0,3,3,9,280,25,5,2016,4,20,55,1,2,1,1,1,I-89,,600,43.63813056,-72.280363890000,0,12,2,0,1,1,0,1,2,1,0,1,0,0000000,20,55,21,10,21,39,0,0,0,1,1
33,330043,1,1,0,0,0,1,1,13,41,28,5,2016,7,15,58,1,1,1,1,1,I-93,,452,43.33599167,-71.612819440000,0,42,0,0,1,1,0,3,1,1,0,1,0,0000000,15,58,16,12,88,88,0,0,0,1,1
33,330044,1,1,0,0,0,3,3,5,485,26,5,2016,5,21,26,0,1,6,1,3,SR-32,,0,42.90202500,-72.265386110000,0,1,0,0,1,1,0,4,2,1,0,1,0,0000000,21,26,21,47,21,53,0,0,0,2,0
33,330045,2,2,0,0,0,4,4,15,305,13,5,2016,6,12,54,0,2,3,1,3,SR-102,OLD NASHUA ROAD,0,42.84203056,-71.369377780000,0,12,1,0,2,2,0,1,1,1,0,1,0,0000000,12,54,13,7,13,24,0,0,0,1,0
33,330046,1,1,0,0,0,1,1,17,481,27,5,2016,6,15,35,0,1,7,4,6,PROVINCE ROAD,,0,43.25901389,-71.188177780000,0,42,0,0,1,1,0,4,1,1,0,1,0,0000000,15,35,15,51,16,28,0,0,0,1,0
33,330047,2,2,0,0,0,3,3,9,444,1,6,2016,4,10,20,0,1,4,1,3,SR-25,SCHOOL STREET,0,43.78962222,-71.797052780000,0,12,6,0,2,2,0,1,1,1,0,1,0,0000000,10,23,10,30,10,53,0,0,0,1,0
33,330048,3,3,0,0,0,3,3,15,25,3,6,2016,6,16,39,1,2,3,1,3,SR-125,,0,42.99003889,-71.080772220000,0,12,1,0,8,1,0,1,1,1,0,1,0,0000000,16,40,16,53,17,7,0,0,0,1,0
33,330049,1,1,0,0,0,1,1,15,370,5,6,2016,1,6,37,0,2,5,1,3,SR-108,,0,43.06001389,-70.939800000000,0,42,0,0,1,1,0,4,1,1,0,1,0,0000000,6,37,6,43,88,88,0,0,0,1,0
33,330050,2,2,0,0,0,3,3,1,260,9,6,2016,5,15,44,0,2,4,4,6,UNION AVE,,0,43.55694722,-71.455141670000,0,12,6,0,8,1,0,1,1,1,0,1,0,0000000,15,44,15,46,16,5,0,0,0,1,0
33,330051,2,2,0,0,0,5,5,13,304,12,6,2016,1,11,1,1,1,3,1,3,SR-106,,0,43.26158611,-71.457313890000,0,12,6,0,8,1,0,1,1,1,0,1,0,0000000,11,3,11,7,11,28,0,0,0,1,0
33,330052,2,2,0,0,0,2,2,1,154,17,6,2016,6,16,21,1,1,3,1,3,SR-3 & 11,,0,43.53188889,-71.441991670000,0,12,2,0,1,1,0,1,1,1,0,1,0,0000000,16,21,16,31,17,9,0,0,0,1,1
33,330053,1,1,0,0,0,1,1,17,440,18,6,2016,7,22,38,1,2,3,1,3,SR-16,,190,43.28952500,-70.988472220000,0,24,0,0,1,1,0,3,2,1,0,1,0,0000000,22,38,22,51,88,88,0,0,0,1,1
33,330054,1,1,0,0,0,4,4,9,120,20,6,2016,2,18,49,1,1,3,1,1,I-89,,492,43.59965556,-72.166550000000,0,1,0,0,1,1,0,1,1,1,0,1,0,0000000,18,49,19,1,19,34,0,0,0,1,0
33,330055,1,1,0,0,0,2,2,15,32,17,6,2016,6,10,46,0,1,7,4,6,DEER RUN ROAD,,0,43.05911111,-71.253036110000,0,1,0,0,1,1,0,1,1,1,0,1,0,0000000,10,50,11,24,11,40,0,0,0,1,0
33,330056,2,2,0,0,0,2,2,3,395,30,6,2016,5,19,15,1,1,3,1,3,SR-25,,0,43.79230556,-71.037013890000,0,12,1,0,1,1,0,1,1,1,0,1,0,0000000,19,17,19,29,20,10,0,0,0,1,0
33,330057,2,2,0,0,0,2,2,15,82,22,6,2016,4,11,30,0,1,5,1,3,SR-107,,0,43.11430833,-71.241169440000,0,12,2,0,1,1,0,1,1,10,0,10,0,0000000,11,31,11,44,12,7,0,0,0,1,0
33,330058,1,1,0,0,0,1,1,15,370,2,7,2016,7,22,25,0,1,7,3,6,NEW ROAD,,0,43.05102778,-70.934861110000,0,19,0,0,1,1,0,5,2,1,0,1,0,0000000,22,25,22,37,23,4,0,0,0,1,1
33,330059,1,1,0,0,0,1,1,11,357,6,7,2016,4,14,59,0,1,5,1,3,SR-123,,0,42.75880000,-71.824208330000,0,35,0,0,1,1,0,4,1,1,0,1,0,0000000,14,59,15,4,15,32,0,0,0,1,0
33,330060,1,1,0,1,1,1,1,11,307,15,7,2016,6,2,30,0,1,7,4,6,CENTER ROAD,,0,42.90540278,-71.776988890000,0,8,0,0,1,1,0,4,2,10,0,10,0,0000000,2,38,2,52,88,88,0,0,0,1,0
33,330061,2,2,0,0,0,3,3,5,473,17,7,2016,1,6,0,1,1,3,1,3,SR-9,,336,43.05503611,-72.078019440000,0,12,2,0,1,1,0,1,1,2,0,2,0,0000000,6,2,6,14,6,37,0,0,0,1,1
33,330062,1,1,0,0,0,1,1,15,255,17,7,2016,1,9,35,1,2,3,1,3,SR-111,,354,42.90909444,-71.085108330000,0,42,0,0,1,1,0,4,1,1,0,1,0,0000000,9,37,9,49,10,10,0,0,0,1,0
33,330063,1,1,0,0,0,1,1,11,310,20,7,2016,4,13,55,1,2,1,1,1,I-93,,198,42.98067778,-71.415227780000,0,1,0,0,1,1,0,4,1,1,0,1,0,0000000,13,59,14,12,88,88,0,0,0,1,0
33,330064,2,2,0,0,0,2,2,3,152,20,7,2016,4,22,56,0,1,5,1,3,SR-153,,0,43.82852222,-71.075994440000,0,12,2,0,1,1,0,1,2,1,0,1,0,0000000,22,57,23,9,23,44,0,0,0,1,1
33,330065,1,1,0,0,0,2,2,15,448,25,7,2016,2,4,43,1,2,1,1,1,I-93,,6,42.74809167,-71.214916670000,0,42,0,0,1,1,0,4,4,1,0,1,0,0000000,4,44,4,53,5,39,0,0,0,1,0