STATE,ST_CASE,VE_TOTAL,VE_FORMS,PVH_INVL,PEDS,PERNOTMVIT,PERMVIT,PERSONS,COUNTY,CITY,DAY,MONTH,YEAR,DAY_WEEK,HOUR,MINUTE,NHS,RUR_URB,FUNC_SYS,RD_OWNER,ROUTE,TWAY_ID,TWAY_ID2,MILEPT,LATITUDE,LONGITUD,SP_JUR,HARM_EV,MAN_COLL,RELJCT1,RELJCT2,TYP_INT,WRK_ZONE,REL_ROAD,LGT_COND,WEATHER1,WEATHER2,WEATHER,SCH_BUS,RAIL,NOT_HOUR,NOT_MIN,ARR_HOUR,ARR_MIN,HOSP_HR,HOSP_MN,CF1,CF2,CF3,FATALS,DRUNK_DR
33,330066,1,1,0,0,0,1,1,9,565,23,7,2016,7,6,24,1,1,3,1,2,US-3,,0,43.97283056,-71.684516670000,0,35,0,0,1,1,0,4,4,1,0,1,0,0000000,6,24,6,30,88,88,0,0,0,1,1
33,330067,2,2,0,0,0,3,3,19,40,27,7,2016,4,14,30,0,1,6,1,3,SR-12,,0,43.20814167,-72.430411110000,0,12,7,0,8,1,0,1,1,1,0,1,0,0000000,14,35,14,50,15,12,0,0,0,1,0
33,330068,1,1,0,1,1,1,1,3,80,27,7,2016,4,17,52,0,2,3,4,6,WEST MAIN STREET,,0,43.97745278,-71.128052780000,0,9,0,0,1,1,2,1,1,1,0,1,0,0000000,17,52,17,56,88,88,0,0,0,1,0
33,330069,1,1,0,0,0,1,1,13,70,28,7,2016,5,11,58,1,2,1,1,1,I-93,,432,43.21435556,-71.534016670000,0,24,0,0,1,1,0,4,1,1,0,1,0,0000000,12,0,12,9,88,88,0,0,0,1,1
33,330070,1,1,0,1,1,2,2,13,70,29,7,2016,6,23,26,1,2,1,1,1,I-393,,12,43.22393889,-71.508063890000,0,8,0,0,1,1,0,1,2,1,0,1,0,0000000,23,29,23,37,88,88,0,0,0,1,0
33,330071,1,1,0,0,0,3,3,11,18,29,7,2016,6,14,46,0,2,4,1,2,US-3,,0,42.92553333,-71.460627780000,0,30,0,0,1,1,0,4,1,10,0,10,0,0000000,14,46,14,52,15,17,0,0,0,1,1
33,330072,2,2,0,0,0,3,3,13,41,29,7,2016,6,15,54,1,1,1,1,1,I-93,,474,43.33585000,-71.612455560000,0,12,1,0,1,1,1,1,1,2,0,2,0,0000000,15,54,16,6,16,31,0,0,0,1,0
33,330073,2,2,0,0,0,2,2,11,18,30,7,2016,7,15,36,1,2,3,1,3,SR-101,MEETINGHOUSE ROAD,0,42.94628333,-71.513197220000,0,12,6,0,2,2,0,1,1,1,0,1,0,0000000,15,36,15,40,16,34,0,0,0,1,0
33,330074,2,2,0,0,0,2,2,1,490,1,8,2016,2,16,38,1,2,3,1,2,US-3,,0,43.50184444,-71.514236110000,0,12,6,0,1,1,0,1,1,2,0,2,0,0000000,16,38,16,51,88,88,0,0,0,1,0
33,330075,2,1,1,0,0,1,1,15,448,2,8,2016,3,19,32,0,2,5,1,6,SHADOW LAKE ROAD,,0,42.82223611,-71.235508330000,0,14,0,0,1,1,0,5,1,1,0,1,0,0000000,19,32,19,39,88,88,0,0,0,1,1
33,330076,1,1,0,0,0,1,1,3,214,4,8,2016,5,16,46,1,1,3,1,3,SR-302,,438,44.07586667,-71.336580560000,0,17,0,0,1,1,0,4,1,1,0,1,0,0000000,16,46,17,5,17,55,0,0,0,1,0
33,330077,1,1,0,0,0,1,1,3,464,8,8,2016,2,22,44,0,1,6,1,3,SR-113,,0,43.83601944,-71.354561110000,0,42,0,0,1,1,0,4,2,1,0,1,0,0000000,22,44,22,55,88,88,20,0,0,1,0
33,330078,1,1,0,0,0,3,3,7,20,10,8,2016,4,6,56,0,1,7,3,6,SIXTH AVE,,0,44.47462778,-71.190025000000,0,5,0,0,1,1,0,1,1,10,0,10,0,0000000,6,56,7,4,88,88,0,0,0,1,0
33,330079,1,1,0,0,0,3,3,13,41,19,8,2016,6,17,11,1,1,1,1,1,I-93,,454,43.34241111,-71.614450000000,0,42,0,0,1,1,0,3,1,1,0,1,0,0000000,17,12,17,23,18,14,0,0,0,1,0
33,330080,2,2,0,0,0,2,2,11,31,20,8,2016,7,19,47,0,1,4,1,3,SR-13,,0,42.74647222,-71.667197220000,0,12,2,0,1,1,0,1,5,1,0,1,0,0000000,19,47,19,57,20,43,0,0,0,1,1
33,330081,1,1,0,0,0,1,1,15,82,28,8,2016,1,4,20,0,1,7,4,6,MT DELIGHT ROAD,,0,43.14589444,-71.266866670000,0,35,0,0,1,1,0,4,2,1,0,1,0,0000000,4,21,4,40,5,5,0,0,0,1,0
33,330082,1,1,0,0,0,1,1,1,260,19,8,2016,6,19,3,0,1,7,4,6,WHITE OAKS ROAD,,0,43.58646389,-71.445936110000,0,30,0,0,1,1,0,4,1,1,0,1,0,0000000,19,3,19,6,88,88,0,0,0,1,0
33,330083,2,2,0,0,0,3,3,5,550,1,9,2016,5,17,25,0,1,4,1,3,SR-10,,22,42.74085833,-72.400183330000,0,12,2,0,1,1,0,1,1,1,0,1,0,0000000,17,30,17,41,18,7,0,0,0,1,0
33,330084,2,2,0,0,0,4,4,7,60,5,9,2016,2,10,29,0,1,5,1,2,US-3,,0,44.87954722,-71.508205560000,0,12,2,0,1,1,0,1,1,1,0,1,0,0000000,10,29,10,46,11,16,0,0,0,1,0
33,330085,1,1,0,0,0,2,2,17,440,5,9,2016,2,16,18,0,2,4,1,3,SR-125,,0,43.26608611,-70.979111110000,0,24,0,0,1,1,0,4,1,1,0,1,0,0000000,16,18,16,26,16,52,0,0,0,1,0
33,330086,1,1,0,0,0,2,2,17,440,6,9,2016,3,13,22,0,2,4,4,6,NORTH MAIN STREET,,0,43.31430556,-70.994408330000,0,30,0,0,1,1,0,4,1,10,0,10,0,0000000,13,22,13,33,13,58,0,0,0,1,0
33,330087,1,1,0,0,0,1,1,15,12,6,9,2016,3,21,20,0,2,7,3,6,POPE ROAD,,0,42.83996111,-71.168105560000,0,17,0,0,8,1,0,4,2,10,0,10,0,0000000,21,20,21,32,88,88,0,0,0,1,1
33,330088,3,3,0,0,0,4,4,3,395,13,9,2016,3,16,0,1,1,3,3,3,SR-16,,0,43.74352778,-71.129502780000,0,12,2,0,1,1,0,1,1,1,0,1,0,0000000,16,8,16,12,16,44,0,0,0,1,0
33,330089,1,1,0,0,0,1,1,15,87,16,9,2016,6,8,45,0,1,7,3,6,CARTER DRIVE,,0,42.93096389,-71.137311110000,0,18,0,0,1,1,0,4,1,1,0,1,0,0000000,8,48,8,59,88,88,0,0,0,1,0
33,330090,1,1,0,0,0,1,1,15,305,18,9,2016,1,19,51,0,2,4,1,3,SR-28,,0,42.91617778,-71.398027780000,0,30,0,0,1,1,0,4,3,1,0,1,0,0000000,19,51,20,10,88,88,0,0,0,1,1
33,330091,1,1,0,1,1,1,1,19,40,19,9,2016,2,16,0,0,1,4,1,3,SR-12,SR-12A,0,43.29679444,-72.388955560000,0,9,0,0,3,3,0,1,1,1,0,1,0,0000000,16,3,16,20,16,45,0,0,0,1,0
33,330092,1,1,0,0,0,1,1,17,140,8,9,2016,5,11,52,0,1,7,3,6,WHITE BIRCH LANE,,0,43.39038889,-71.041744440000,0,42,0,0,1,1,0,4,1,1,0,1,0,0000000,11,52,11,57,88,88,0,0,0,1,0
33,330093,1,1,0,1,1,2,2,13,236,11,9,2016,1,14,59,0,2,7,3,6,MAIN STREET,,0,43.09749722,-71.465555560000,0,8,0,0,1,1,0,1,1,1,0,1,0,0000000,14,59,15,10,15,41,0,0,0,1,0
33,330094,1,1,0,0,0,1,1,5,522,24,9,2016,7,19,48,0,1,4,1,3,SR-12,,0,42.99237500,-72.418016670000,0,35,0,0,1,1,0,4,2,1,0,1,0,0000000,19,49,20,2,88,88,0,0,0,1,1
33,330095,1,1,0,0,0,1,1,11,310,27,9,2016,3,3,56,1,2,1,1,1,I-293,,2,43.04931944,-71.470500000000,0,42,0,0,1,1,0,3,2,1,0,1,0,0000000,3,57,4,11,88,88,20,0,0,1,0
33,330096,1,1,0,1,1,1,1,17,100,30,9,2016,6,4,2,1,2,3,1,2,US-4,,0,43.13759722,-70.906913890000,0,8,0,0,1,1,0,1,2,10,0,10,0,0000000,4,2,4,9,4,22,0,0,0,1,0
33,330097,1,1,0,0,0,2,2,7,60,7,10,2016,6,19,50,0,1,7,4,6,PIPER HILL ROAD,,0,44.93822778,-71.491580560000,0,35,0,0,1,1,0,4,2,10,0,10,0,0000000,19,54,20,2,20,41,0,0,0,1,1
33,330098,1,1,0,0,0,1,1,3,487,8,10,2016,7,7,20,0,1,3,1,3,SR-16,,624,43.85835556,-71.206600000000,0,35,0,0,1,1,0,4,4,1,0,1,0,0000000,7,20,7,32,88,88,0,0,0,1,0
33,330099,1,1,0,0,0,2,2,11,350,8,10,2016,7,22,15,0,2,3,1,8,CIRCUMFERENTIAL HIGHWAY,,8,42.72081667,-71.447447220000,0,35,0,0,1,1,0,3,3,5,0,5,0,0000000,22,17,22,26,88,88,0,0,0,2,1
33,330100,4,4,0,0,0,5,5,13,218,9,10,2016,1,18,1,1,1,3,1,2,US-202,,386,43.19072222,-71.814472220000,0,12,2,0,1,1,0,1,1,1,0,1,0,0000000,18,3,18,14,18,50,20,14,0,1,1
33,330101,1,1,0,0,0,1,1,5,473,10,10,2016,2,2,50,1,1,3,1,3,SR-9,,0,43.03684444,-72.081441670000,0,42,0,0,1,1,0,4,2,1,0,1,0,0000000,2,52,3,4,88,88,0,0,0,1,1
33,330102,5,5,0,0,0,6,6,11,310,10,10,2016,2,18,31,1,2,1,1,1,I-93,,0,42.94785556,-71.396519440000,0,12,1,0,1,1,0,1,3,1,0,1,0,0000000,18,32,18,47,19,19,0,0,0,1,0
33,330103,1,1,0,0,0,1,1,11,310,19,10,2016,4,10,33,1,2,1,1,1,I-93,,0,42.96806389,-71.413583330000,0,24,0,0,1,1,0,3,1,1,0,1,0,0000000,10,34,10,47,11,4,0,0,0,1,0
33,330104,1,1,0,0,0,1,1,7,125,21,10,2016,6,15,29,0,1,4,1,3,SR-26,,0,44.86476389,-71.331152780000,0,24,0,0,1,1,0,4,1,1,0,1,0,0000000,15,31,15,49,88,88,0,0,0,1,0
33,330105,1,1,0,1,1,1,1,15,305,21,10,2016,6,18,0,0,2,7,4,6,HIGH RANGE ROAD,,0,42.87178889,-71.399919440000,0,8,0,0,1,1,0,1,2,1,0,1,0,0000000,18,0,18,10,18,29,0,0,0,1,0
33,330106,1,1,0,0,0,1,1,1,154,27,10,2016,5,13,3,0,1,3,1,3,SR-11,,0,43.56716944,-71.434527780000,0,35,0,0,1,1,0,4,1,10,0,10,0,0000000,13,3,13,10,13,27,13,20,0,1,0
33,330107,1,1,0,0,0,1,1,11,205,28,10,2016,6,17,33,0,1,7,3,6,PROSPECT HILL ROAD,,0,42.98489722,-72.000952780000,0,43,0,0,1,1,0,5,5,10,0,10,0,0000000,17,33,17,45,18,28,0,0,0,1,0
33,330108,1,1,0,1,1,1,1,13,70,31,10,2016,2,18,17,0,2,7,4,6,LOUDON ROAD,,0,43.21873611,-71.501322220000,0,8,0,0,1,1,0,1,3,1,0,1,0,0000000,18,17,18,26,18,40,0,0,0,1,0
33,330109,3,3,0,0,0,4,4,15,448,1,11,2016,3,16,39,1,2,3,1,3,SR-111,ERMER ROAD,0,42.84671667,-71.223091670000,0,12,6,0,2,2,0,1,1,1,0,1,0,0000000,16,39,17,5,17,15,0,0,0,1,0
33,330110,1,1,0,0,0,1,1,11,357,1,11,2016,3,17,30,0,1,7,3,3,SR-123,SR-124,0,42.78098611,-71.904947220000,0,35,0,0,3,4,0,4,1,1,0,1,0,0000000,17,30,17,41,88,88,0,0,0,1,0
33,330111,2,2,0,0,0,4,4,3,395,6,11,2016,1,9,43,0,1,4,1,3,SR-28,SR-171,0,43.68662222,-71.121191670000,0,12,6,0,2,2,0,1,1,10,0,10,0,0000000,9,43,9,57,88,88,0,0,0,2,0
33,330112,1,1,0,1,1,1,1,11,310,21,10,2016,6,22,28,0,2,7,4,6,ELM STREET,BRIDGE STREET,0,42.99474722,-71.463161110000,0,8,0,0,3,2,0,1,3,2,0,2,0,0000000,22,28,22,38,22,57,0,0,0,1,0
33,330113,1,1,0,0,0,1,1,9,489,9,11,2016,4,6,50,1,1,1,1,1,I-93,,888,43.87174444,-71.671605560000,0,35,0,0,1,1,0,3,1,1,0,1,0,0000000,6,55,7,7,7,22,0,0,0,1,0
33,330114,1,1,0,2,2,1,1,11,18,8,11,2016,3,7,3,0,2,7,4,6,PEMBROKE WAY,,0,42.94306667,-71.563200000000,0,8,0,0,1,1,0,1,1,1,0,1,0,0000000,7,3,7,19,7,40,0,0,0,1,0
33,330115,2,2,0,0,0,2,2,1,490,19,11,2016,7,18,14,1,1,3,1,2,US-3,,0,43.46825833,-71.546411110000,0,12,2,0,1,1,0,1,3,10,0,10,0,0000000,18,14,18,21,18,55,0,0,0,1,0
33,330116,1,1,0,0,0,1,1,17,90,21,11,2016,2,4,18,1,2,3,1,3,SR-16,,0,43.18126389,-70.876502780000,0,24,0,0,1,1,0,4,2,10,0,10,0,0000000,4,19,4,25,88,88,0,0,0,1,1
33,330117,2,2,0,0,0,2,2,17,100,21,11,2016,2,5,2,1,2,3,1,2,US-4,,954,43.13401111,-70.887772220000,0,12,6,0,1,1,0,1,2,10,0,10,0,0000000,5,2,5,9,5,33,0,0,0,1,0
33,330118,1,1,0,1,1,1,1,17,440,22,11,2016,3,17,14,1,2,3,1,3,SR-16,,224,43.33239444,-70.983519440000,0,8,0,0,1,1,0,1,3,10,0,10,0,0000000,17,14,17,16,88,88,0,0,0,1,1
33,330119,1,1,0,1,1,0,0,17,100,30,11,2016,4,14,50,0,2,7,4,6,BAGDAD ROAD,,0,43.14002500,-70.925238890000,0,8,0,0,8,1,0,1,1,2,0,2,0,0000000,14,50,14,52,15,13,0,0,0,1,0
33,330120,1,1,0,0,0,1,1,11,310,17,11,2016,5,12,59,0,2,7,4,6,SCHOOL STREET,,0,42.98352500,-71.471233330000,0,33,0,0,1,1,0,4,1,1,0,1,0,0000000,12,59,13,1,13,21,0,0,0,1,0
33,330121,2,2,0,0,0,2,2,5,250,1,11,2016,3,11,31,0,2,4,4,6,WEST STREET,ISLAND STREET,0,42.93243889,-72.287802780000,0,12,6,0,2,3,0,1,1,1,0,1,0,0000000,11,31,11,39,11,57,0,0,0,1,0
33,330122,1,1,0,0,0,1,1,9,145,29,11,2016,3,8,15,0,1,6,1,3,SR-141,,0,44.20450278,-71.720188890000,0,35,0,0,1,1,0,4,1,2,12,12,0,0000000,8,25,8,46,88,88,0,0,0,1,0
33,330123,1,1,0,1,1,1,1,11,310,28,11,2016,2,17,41,0,2,7,4,6,LOWELL STREET,UNION STREET,0,42.99355556,-71.457338890000,0,8,0,0,3,2,0,1,3,1,0,1,0,0000000,17,41,17,44,18,5,0,0,0,1,0
33,330124,1,1,0,0,0,4,4,9,210,2,12,2016,6,22,57,0,1,7,4,6,WOLFEBORO ROAD,,0,43.72479167,-72.189186110000,0,34,0,0,1,1,0,4,2,10,0,10,0,0000000,22,57,23,19,23,37,0,0,0,1,1
33,330125,1,1,0,0,0,2,2,15,466,3,12,2016,7,14,55,0,2,5,1,3,SR-107,,0,42.90232222,-70.909563890000,0,42,0,0,1,1,0,4,1,10,0,10,0,0000000,14,55,15,7,15,25,0,0,0,2,0
33,330126,1,1,0,0,0,1,1,17,29,9,12,2016,6,5,11,0,1,5,1,3,SR-9,,0,43.20429167,-71.100208330000,0,42,0,0,1,1,0,4,2,1,0,1,0,0000000,5,11,5,14,88,88,0,0,0,1,0
33,330127,1,1,0,0,0,1,1,11,350,21,12,2016,4,0,50,1,2,3,1,8,EVERETTE TURNPIKE,,99998,42.77960000,-71.493991670000,0,32,0,0,5,1,0,8,3,1,0,1,0,0000000,0,50,1,8,1,21,20,0,0,1,1
33,330128,2,2,0,0,0,3,3,9,300,20,12,2016,3,16,50,0,1,4,4,2,US-302,,99998,44.30175833,-71.804494440000,0,12,2,0,1,1,0,1,5,10,0,10,0,0000000,16,55,17,13,17,35,0,0,0,1,0
33,330129,1,1,0,0,0,1,1,15,195,27,12,2016,3,22,50,0,2,6,1,6,EAST ROAD,,0,42.86871944,-71.151686110000,0,42,0,0,1,1,0,4,2,10,0,10,0,0000000,22,51,23,0,88,88,0,0,0,1,1
33,330130,1,1,0,0,0,1,1,13,41,28,12,2016,4,13,10,1,1,1,1,1,I-93,,99998,43.36125278,-71.612302780000,0,24,0,0,1,1,0,4,1,10,0,10,0,0000000,13,10,13,24,14,3,0,0,0,1,0